197301,72.076,197301,12.175,197301,2.375,197301,0.128
197302,64.442,197302,11.708,197302,2.061,197302,0.106
197303,64.084,197303,13.994,197303,1.171,197303,0.083
197304,60.842,197304,14.627,197304,1.022,197304,0.13
197305,61.798,197305,17.344,197305,0.949,197305,0.167
197306,66.538,197306,20.265,197306,1.787,197306,0.171
197307,72.626,197307,23.067,197307,1.965,197307,0.15
197308,75.181,197308,22.85,197308,2.536,197308,0.166
197309,68.397,197309,19.297,197309,1.432,197309,0.116
197310,67.668,197310,17.897,197310,1.473,197310,0.102
197311,67.021,197311,13.766,197311,1.537,197311,0.087
197312,71.118,197312,11.866,197312,1.606,197312,0.152
197313,811.791,197313,198.857,197313,19.914,197313,1.559
197401,70.55,197401,11.959,197401,1.835,197401,0.183
197402,62.929,197402,11.021,197402,1.837,197402,0.148
197403,64.519,197403,13.86,197403,1.868,197403,0.156
197404,60.544,197404,14.105,197404,1.669,197404,0.11
197405,64.687,197405,16.676,197405,1.927,197405,0.093
197406,64.736,197406,18.859,197406,1.68,197406,0.08
197407,73.698,197407,21.984,197407,2.544,197407,0.096
197408,72.559,197408,20.748,197408,2.029,197408,0.098
197409,63.221,197409,17.027,197409,1.622,197409,0.093
197410,65.418,197410,16.236,197410,1.65,197410,0.296
197411,65.593,197411,12.999,197411,1.926,197411,0.303
197412,71.677,197412,11.244,197412,1.939,197412,0.266
197413,800.131,197413,186.716,197413,22.525,197413,1.922
197501,72.708,197501,11.165,197501,2.243,197501,0.034
197502,65.117,197502,10.285,197502,1.579,197502,0.025
197503,66.532,197503,11.496,197503,1.266,197503,0.013
197504,61.975,197504,11.663,197504,0.985,197504,0.013
197505,62.031,197505,14.975,197505,1.385,197505,0.009
197506,67.875,197506,16.761,197506,1.746,197506,0.019
197507,74.184,197507,19.711,197507,1.648,197507,0.022
197508,77.029,197508,19.608,197508,2.002,197508,0.014
197509,66.156,197509,17.195,197509,0.803,197509,0.017
197510,66.651,197510,14.988,197510,0.797,197510,0.016
197511,67.625,197511,12.398,197511,0.754,197511,0.017
197512,75.857,197512,11.647,197512,1.299,197512,0.018
197513,823.74,197513,171.891,197513,16.509,197513,0.216
197601,81.264,197601,11.21,197601,2.092,197601,0.017
197602,71.058,197602,10.825,197602,1.132,197602,0.017
197603,73.361,197603,12.091,197603,1.183,197603,0.018
197604,68.703,197604,12.366,197604,1.046,197604,0.013
197605,68.985,197605,14.472,197605,0.942,197605,0.014
197606,73.936,197606,17.009,197606,1.496,197606,0.015
197607,80.968,197607,18.326,197607,1.682,197607,0.018
197608,81.962,197608,17.897,197608,1.429,197608,0.016
197609,72.95,197609,16.015,197609,1.045,197609,0.015
197610,74.746,197610,13.567,197610,1.31,197610,0.023
197611,78.924,197611,11.793,197611,2.069,197611,0.023
197612,84.49,197612,11.651,197612,2.312,197612,0.02
197613,911.346,197613,167.22,197613,17.738,197613,0.209
197701,87.215,197701,11.196,197701,4.038,197701,0.014
197702,75.943,197702,10.942,197702,1.335,197702,0.016
197703,75.092,197703,12.657,197703,1.049,197703,0.028
197704,68.641,197704,12.179,197704,0.939,197704,0.036
197705,74.916,197705,14.184,197705,1.624,197705,0.024
197706,80.942,197706,16.961,197706,1.825,197706,0.029
197707,90.667,197707,18.925,197707,3.273,197707,0.036
197708,89.046,197708,19.148,197708,1.963,197708,0.034
197709,80.975,197709,17.719,197709,1.061,197709,0.025
197710,77.369,197710,15.548,197710,0.799,197710,0.018
197711,78.058,197711,12.776,197711,1.045,197711,0.02
197712,83.279,197712,11.991,197712,1.719,197712,0.02
197713,962.143,197713,174.225,197713,20.671,197713,0.3
197801,85.191,197801,12.573,197801,3.502,197801,0.03
197802,71.476,197802,11.585,197802,3.267,197802,0.169
197803,67.829,197803,12.739,197803,2.321,197803,0.198
197804,69.051,197804,12.244,197804,0.912,197804,0.12
197805,74.201,197805,14.308,197805,0.973,197805,0.085
197806,81.372,197806,17.633,197806,1.513,197806,0.095
197807,88.003,197807,19.87,197807,1.516,197807,0.098
197808,91.836,197808,18.669,197808,1.514,197808,0.094
197809,85.066,197809,16.293,197809,1.397,197809,0.087
197810,79.494,197810,14.422,197810,0.776,197810,0.075
197811,79.291,197811,12.51,197811,0.917,197811,0.082
197812,87.107,197812,12.07,197812,1.543,197812,0.091
197813,959.916,197813,174.915,197813,20.151,197813,1.225
197901,93.946,197901,12.547,197901,2.649,197901,0.103
197902,83.91,197902,12.46,197902,2.104,197902,0.099
197903,83.689,197903,14.297,197903,0.791,197903,0.067
197904,78.077,197904,14.331,197904,0.715,197904,0.046
197905,83.19,197905,15.229,197905,0.873,197905,0.072
197906,88.15,197906,17.583,197906,0.982,197906,0.077
197907,96.579,197907,20.281,197907,1.019,197907,0.072
197908,97.246,197908,20.613,197908,1.021,197908,0.072
197909,84.463,197909,18.578,197909,0.737,197909,0.053
197910,86.071,197910,17.742,197910,0.479,197910,0.049
197911,86.09,197911,14.331,197911,0.83,197911,0.056
197912,94.293,197912,13.687,197912,0.81,197912,0.06
197913,1055.704,197913,191.677,197913,13.009,197913,0.824
198001,100.568,198001,15.072,198001,1.361,198001,0.168
198002,94.862,198002,14.368,198002,1.176,198002,0.066
198003,93.21,198003,15.461,198003,0.935,198003,0.04
198004,81.245,198004,13.97,198004,0.579,198004,0.022
198005,82.785,198005,15.341,198005,0.647,198005,0.034
198006,91.484,198006,18.337,198006,0.83,198006,0.034
198007,107.126,198007,22.885,198007,1.623,198007,0.033
198008,106.245,198008,22.067,198008,1.704,198008,0.047
198009,95.662,198009,19.453,198009,0.915,198009,0.035
198010,90.03,198010,16.401,198010,0.606,198010,0.025
198011,91.239,198011,13.912,198011,0.975,198011,0.021
198012,102.138,198012,13.179,198012,0.984,198012,0.027
198013,1136.594,198013,200.454,198013,12.337,198013,0.551
198101,108.164,198101,12.598,198101,1.293,198101,0.032
198102,94.766,198102,12.182,198102,0.954,198102,0.026
198103,95.724,198103,14.87,198103,0.598,198103,0.028
198104,86.386,198104,15.71,198104,0.577,198104,0.022
198105,89.002,198105,17.196,198105,0.763,198105,0.044
198106,99.05,198106,20.699,198106,1.151,198106,0.041
198107,111.044,198107,22.324,198107,1.113,198107,0.034
198108,107.758,198108,21.177,198108,0.606,198108,0.041
198109,95.891,198109,17.651,198109,0.487,198109,0.04
198110,94.541,198110,16.399,198110,0.478,198110,0.046
198111,92.986,198111,14.069,198111,0.485,198111,0.036
198112,105.056,198112,13.019,198112,0.561,198112,0.037
198113,1180.367,198113,197.925,198113,9.066,198113,0.427
198201,113.136,198201,12.952,198201,1.331,198201,0.031
198202,97.313,198202,11.988,198202,0.604,198202,0.029
198203,95.335,198203,13.431,198203,0.555,198203,0.013
198204,86.587,198204,13.42,198204,0.482,198204,0.033
198205,90.83,198205,14.046,198205,0.422,198205,0.037
198206,94.419,198206,16.098,198206,0.448,198206,0.041
198207,109.995,198207,19.221,198207,0.579,198207,0.034
198208,109.179,198208,19.688,198208,0.448,198208,0.039
198209,96.39,198209,15.975,198209,0.392,198209,0.029
198210,92.24,198210,14.866,198210,0.369,198210,0.051
198211,95.165,198211,12.335,198211,0.429,198211,0.056
198212,101.367,198212,11.694,198212,0.466,198212,0.067
198213,1181.956,198213,175.721,198213,6.525,198213,0.459
198301,105.965,198301,11.3,198301,0.473,198301,0.051
198302,90.912,198302,9.604,198302,0.419,198302,0.057
198303,93.568,198303,11.284,198303,0.403,198303,0.051
198304,86.575,198304,11.012,198304,0.449,198304,0.074
198305,90.75,198305,11.833,198305,0.399,198305,0.091
198306,99.98,198306,13.424,198306,0.435,198306,0.07
198307,119.945,198307,17.026,198307,0.61,198307,0.077
198308,126.652,198308,19.05,198308,0.657,198308,0.073
198309,107.675,198309,16.144,198309,0.642,198309,0.076
198310,100.677,198310,13.591,198310,0.371,198310,0.067
198311,101.663,198311,11.578,198311,0.458,198311,0.052
198312,117.417,198312,11.801,198312,1.719,198312,0.064
198313,1241.778,198313,157.703,198313,7.036,198313,0.804
198401,119.436,198401,11.738,198401,0.927,198401,0.073
198402,103.635,198402,10.227,198402,0.434,198402,0.064
198403,108.149,198403,11.255,198403,0.433,198403,0.056
198404,94.329,198404,12.015,198404,0.354,198404,0.068
198405,98.181,198405,14.442,198405,0.43,198405,0.071
198406,112.983,198406,16.231,198406,0.821,198406,0.071
198407,119.701,198407,19.025,198407,0.536,198407,0.068
198408,125.724,198408,19.063,198408,0.649,198408,0.061
198409,107.179,198409,15.825,198409,0.424,198409,0.066
198410,108.583,198410,14.694,198410,0.411,198410,0.06
198411,107.546,198411,13.317,198411,0.565,198411,0.054
198412,112.167,198412,11.83,198412,0.488,198412,0.062
198413,1317.614,198413,169.706,198413,6.473,198413,0.774
198501,125.429,198501,12.381,198501,1.057,198501,0.055
198502,109.359,198502,11.106,198502,0.568,198502,0.051
198503,107.966,198503,11.36,198503,0.417,198503,0.051
198504,100.317,198504,12.773,198504,0.388,198504,0.049
198505,107.595,198505,12.873,198505,0.41,198505,0.041
198506,113.584,198506,15.369,198506,0.474,198506,0.066
198507,126.626,198507,18.316,198507,0.473,198507,0.06
198508,124.309,198508,19.303,198508,0.57,198508,0.058
198509,111.9,198509,14.994,198509,0.417,198509,0.074
198510,108.331,198510,13.588,198510,0.413,198510,0.072
198511,107.034,198511,12.57,198511,0.435,198511,0.072
198512,124.95,198512,11.505,198512,0.614,198512,0.062
198513,1367.401,198513,166.306,198513,6.236,198513,0.712
198601,126.887,198601,10.037,198601,0.719,198601,0.047
198602,109.086,198602,8.565,198602,0.469,198602,0.046
198603,106.803,198603,9.247,198603,0.395,198603,0.071
198604,95.341,198604,10.802,198604,0.38,198604,0.071
198605,101.892,198605,12.581,198605,0.515,198605,0.077
198606,116.698,198606,14.153,198606,0.592,198606,0.075
198607,134.789,198607,16.366,198607,0.736,198607,0.081
198608,122.28,198608,15.016,198608,0.49,198608,0.097
198609,112.03,198609,13.406,198609,0.472,198609,0.096
198610,107.235,198610,11.775,198610,0.37,198610,0.08
198611,107.317,198611,10.149,198611,0.458,198611,0.105
198612,117.127,198612,9.519,198612,0.507,198612,0.116
198613,1357.485,198613,141.677,198613,6.104,198613,0.962
198701,124.043,198701,10.061,198701,0.561,198701,0.086
198702,106.754,198702,8.628,198702,0.489,198702,0.088
198703,108.607,198703,10.397,198703,0.523,198703,0.085
198704,102.222,198704,11.237,198704,0.44,198704,0.071
198705,112.257,198705,13.2,198705,0.504,198705,0.095
198706,126.2,198706,15.419,198706,0.599,198706,0.08
198707,140.582,198707,17.342,198707,0.884,198707,0.087
198708,139.268,198708,18.4,198708,0.702,198708,0.096
198709,117.773,198709,14.572,198709,0.394,198709,0.095
198710,113.515,198710,12.95,198710,0.38,198710,0.109
198711,111.217,198711,11.79,198711,0.557,198711,0.084
198712,124.314,198712,10.664,198712,0.514,198712,0.094
198713,1426.753,198713,154.709,198713,6.548,198713,1.069
198801,133.468,198801,9.088,198801,0.98,198801,0.074
198802,120.783,198802,9.202,198802,0.484,198802,0.083
198803,115.584,198803,11.065,198803,0.445,198803,0.11
198804,106.49,198804,10.811,198804,0.343,198804,0.101
198805,111.2,198805,13.006,198805,0.425,198805,0.101
198806,128.537,198806,15.197,198806,0.791,198806,0.129
198807,141.139,198807,17.776,198807,0.828,198807,0.143
198808,148.031,198808,18.655,198808,1.367,198808,0.125
198809,121.057,198809,12.613,198809,0.428,198809,0.095
198810,117.165,198810,9.838,198810,0.469,198810,0.092
198811,116.659,198811,8.15,198811,0.512,198811,0.095
198812,131.695,198812,7.448,198812,0.926,198812,0.111
198813,1491.807,198813,142.861,198813,7.997,198813,1.258
198901,132.233,198901,8.89,198901,0.898,198901,0.145
198902,124.345,198902,10.42,198902,1.061,198902,0.1
198903,122.803,198903,12.758,198903,1.176,198903,0.107
198904,111.194,198904,14.187,198904,0.457,198904,0.116
198905,115.915,198905,15.128,198905,0.665,198905,0.109
198906,126.031,198906,15.696,198906,0.905,198906,0.117
198907,138.083,198907,19.29,198907,0.953,198907,0.179
198908,139.614,198908,18.679,198908,0.669,198908,0.177
198909,124.594,198909,16.154,198909,0.667,198909,0.165
198910,119.943,198910,15.327,198910,0.516,198910,0.121
198911,120.824,198911,11.41,198911,0.649,198911,0.101
198912,143.264,198912,10.349,198912,2.528,198912,0.152
198913,1518.844,198913,168.326,198913,11.145,198913,1.591
199001,132.923,199001,9.182,199001,0.589,199001,0.153
199002,116.26,199002,8.295,199002,0.464,199002,0.236
199003,121.806,199003,11.59,199003,0.436,199003,0.236
199004,115.909,199004,12.53,199004,0.493,199004,0.231
199005,118.556,199005,15.351,199005,0.546,199005,0.29
199006,130.719,199006,18.698,199006,0.74,199006,0.251
199007,143.146,199007,20.507,199007,0.769,199007,0.281
199008,146.257,199008,21.59,199008,0.771,199008,0.273
199009,134.042,199009,18.936,199009,0.628,199009,0.297
199010,128.8,199010,16.165,199010,0.565,199010,0.326
199011,122.119,199011,11.632,199011,0.433,199011,0.231
199012,137.027,199012,11.017,199012,0.625,199012,0.296
199013,1547.564,199013,175.54,199013,7.059,199013,3.101
199101,143.148,199101,11.135,199101,0.529,199101,0.306
199102,117.505,199102,9.406,199102,0.358,199102,0.236
199103,118.823,199103,12.394,199103,0.369,199103,0.302
199104,111.147,199104,13.853,199104,0.454,199104,0.3
199105,122.745,199105,16.015,199105,0.809,199105,0.273
199106,131.945,199106,16.708,199106,0.5,199106,0.208
199107,144.042,199107,21.173,199107,0.543,199107,0.255
199108,144.107,199108,21.028,199108,0.615,199108,0.233
199109,129.099,199109,16.879,199109,0.519,199109,0.214
199110,124.058,199110,16.907,199110,0.402,199110,0.207
199111,127.928,199111,12.719,199111,0.511,199111,0.217
199112,133.633,199112,10.925,199112,0.51,199112,0.243
199113,1548.18,199113,179.191,199113,6.118,199113,2.995
199201,137.39,199201,11.401,199201,0.513,199201,0.327
199202,121.125,199202,11.481,199202,0.375,199202,0.351
199203,126.201,199203,13.993,199203,0.393,199203,0.383
199204,118.33,199204,15.434,199204,0.377,199204,0.302
199205,121.946,199205,15.916,199205,0.392,199205,0.23
199206,129.054,199206,17.908,199206,0.501,199206,0.302
199207,148.563,199207,22.47,199207,0.665,199207,0.333
199208,142.166,199208,20.368,199208,0.471,199208,0.531
199209,132.766,199209,18.422,199209,0.395,199209,0.449
199210,126.405,199210,14.309,199210,0.369,199210,0.476
199211,126.014,199211,12.745,199211,0.467,199211,0.426
199212,139.605,199212,11.833,199212,0.46,199212,0.485
199213,1569.566,199213,186.309,199213,5.379,199213,4.596
199301,139.269,199301,11.506,199301,0.487,199301,0.608
199302,128.056,199302,11.339,199302,0.449,199302,0.532
199303,134.599,199303,13.567,199303,0.614,199303,0.569
199304,119.596,199304,12.165,199304,0.393,199304,0.517
199305,120.469,199305,11.674,199305,0.417,199305,0.565
199306,136.697,199306,17.813,199306,0.496,199306,0.643
199307,157.967,199307,23.371,199307,0.873,199307,0.823
199308,156.392,199308,24.98,199308,0.752,199308,0.736
199309,133.435,199309,18.068,199309,0.495,199309,0.846
199310,130.321,199310,16.399,199310,0.431,199310,0.734
199311,131.799,199311,14.571,199311,0.426,199311,0.666
199312,143.919,199312,12.21,199312,0.493,199312,0.791
199313,1632.52,199313,187.688,199313,6.327,199313,8.031
199401,153.119,199401,12.013,199401,1.992,199401,0.91
199402,131.25,199402,10.546,199402,0.75,199402,0.716
199403,132.54,199403,13.143,199403,0.545,199403,0.76
199404,120.392,199404,14.407,199404,0.559,199404,0.575
199405,126.496,199405,15.25,199405,0.625,199405,0.476
199406,146.639,199406,22.498,199406,1.005,199406,0.579
199407,153.375,199407,25.59,199407,0.822,199407,0.622
199408,151.757,199408,26.995,199408,0.548,199408,0.533
199409,133.235,199409,20.897,199409,0.467,199409,0.505
199410,129.229,199410,18.636,199410,0.435,199410,0.503
199411,124.074,199411,16.33,199411,0.463,199411,0.479
199412,136.675,199412,14.683,199412,0.563,199412,0.462
199413,1638.781,199413,211.022,199413,8.775,199413,7.119
199501,143.097,199501,14.188,199501,0.536,199501,0.686
199502,127.774,199502,12.021,199502,0.668,199502,0.665
199503,127.348,199503,17.507,199503,0.46,199503,0.56
199504,118.414,199504,16.36,199504,0.466,199504,0.387
199505,125.516,199505,18.398,199505,0.575,199505,0.64
199506,138.913,199506,21.198,199506,0.606,199506,0.737
199507,159.638,199507,29.035,199507,0.953,199507,0.615
199508,167.717,199508,33.423,199508,1.448,199508,0.863
199509,137.474,199509,22.566,199509,0.458,199509,0.709
199510,132.871,199510,17.101,199510,0.473,199510,0.798
199511,134.591,199511,14.126,199511,0.533,199511,0.898
199512,147.39,199512,12.313,199512,0.721,199512,0.669
199513,1660.744,199513,228.248,199513,7.898,199513,8.226
199601,153.915,199601,12.634,199601,0.931,199601,0.734
199602,138.446,199602,10.245,199602,1.19,199602,0.566
199603,138.362,199603,11.708,199603,0.754,199603,0.462
199604,124.885,199604,12.714,199604,0.474,199604,0.522
199605,135.014,199605,19.835,199605,0.641,199605,0.583
199606,147.23,199606,22.45,199606,0.513,199606,0.578
199607,160.939,199607,26.808,199607,0.626,199607,0.852
199608,162.998,199608,27.526,199608,0.532,199608,1.022
199609,144.095,199609,21.35,199609,0.565,199609,0.848
199610,143.399,199610,16.968,199610,0.509,199610,0.698
199611,147.318,199611,12.734,199611,0.527,199611,0.609
199612,155.809,199612,9.932,199612,0.735,199612,0.652
199613,1752.41,199613,204.929,199613,7.995,199613,8.126
199701,162.245,199701,10.256,199701,0.911,199701,0.414
199702,135.873,199702,10.564,199702,0.459,199702,0.41
199703,138.495,199703,13.984,199703,0.454,199703,0.256
199704,130.325,199704,14.261,199704,0.565,199704,0.761
199705,136.525,199705,17.055,199705,0.516,199705,0.998
199706,147.624,199706,21.941,199706,0.745,199706,1.069
199707,169.108,199707,31.656,199707,1.389,199707,1.065
199708,164.925,199708,28.824,199708,0.732,199708,1.185
199709,152.353,199709,24.544,199709,0.562,199709,1.195
199710,152.153,199710,18.012,199710,0.596,199710,1.038
199711,146.425,199711,13.245,199711,0.562,199711,1.002
199712,160.993,199712,14.528,199712,0.592,199712,0.978
199713,1797.045,199713,218.886,199713,8.084,199713,10.371
199801,159.602,199801,13.039,199801,0.478,199801,1.112
199802,138.682,199802,10.192,199802,0.374,199802,0.873
199803,144.143,199803,14.795,199803,0.547,199803,0.893
199804,133.418,199804,14.479,199804,0.447,199804,1.007
199805,146.249,199805,22.102,199805,0.92,199805,1.043
199806,158.591,199806,28.844,199806,1.432,199806,1.19
199807,174.995,199807,34.204,199807,1.551,199807,1.254
199808,174.745,199808,34.788,199808,1.435,199808,1.175
199809,156.709,199809,29.001,199809,1.201,199809,1.109
199810,147.334,199810,18.717,199810,0.452,199810,1.027
199811,139.397,199811,13.503,199811,0.459,199811,1.008
199812,154.318,199812,14.352,199812,0.621,199812,0.927
199813,1828.184,199813,248.035,199813,9.918,199813,12.617
199901,161.387,199901,14.844,199901,1.117,199901,0.931
199902,138.081,199902,12.626,199902,0.421,199902,0.769
199903,145.169,199903,17.173,199903,0.515,199903,0.981
199904,137.504,199904,21.273,199904,0.788,199904,0.881
199905,144.891,199905,22.68,199905,0.6,199905,0.989
199906,157.377,199906,26.964,199906,0.985,199906,0.993
199907,179.42,199907,36.347,199907,2.281,199907,1.205
199908,173.707,199908,36.139,199908,1.408,199908,1.331
199909,154.874,199909,23.362,199909,0.594,199909,0.824
199910,147.523,199910,19.917,199910,0.484,199910,0.829
199911,142.095,199911,14.218,199911,0.549,199911,0.772
199912,154.387,199912,14.514,199912,0.499,199912,0.983
199913,1836.415,199913,260.092,199913,10.24,199913,11.487
200001,172.903,200001,17.571,200001,0.992,200001,1.439
200002,155.75,200002,15.405,200002,0.599,200002,1.174
200003,152.347,200003,19.158,200003,0.512,200003,0.777
200004,137.295,200004,19.809,200004,0.462,200004,0.795
200005,151.232,200005,28.502,200005,1.078,200005,0.724
200006,165.771,200006,28.36,200006,0.931,200006,0.88
200007,172.816,200007,34.422,200007,1.098,200007,0.519
200008,179.476,200008,37.859,200008,1.233,200008,1.011
200009,158.627,200009,26.159,200009,0.833,200009,0.775
200010,156.631,200010,19.687,200010,0.574,200010,0.61
200011,155.015,200011,16.636,200011,0.725,200011,0.659
200012,169.514,200012,17.25,200012,3.74,200012,0.709
200013,1927.376,200013,280.849,200013,12.777,200013,10.073
200101,171.379,200101,18.459,200101,3.387,200101,0.912
200102,146.187,200102,16.972,200102,1.128,200102,0.827
200103,151.068,200103,19.676,200103,1.241,200103,0.813
200104,136.46,200104,20.849,200104,1.099,200104,0.655
200105,148.784,200105,23.515,200105,0.914,200105,0.748
200106,159.457,200106,26.712,200106,0.776,200106,0.843
200107,176.898,200107,34.358,200107,0.741,200107,0.993
200108,180.673,200108,37.225,200108,1.106,200108,1.035
200109,153.202,200109,27.639,200109,0.517,200109,0.95
200110,146.64,200110,25.251,200110,0.568,200110,0.915
200111,142.367,200111,18.988,200111,0.447,200111,0.806
200112,156.713,200112,19.894,200112,0.537,200112,1.044
200113,1869.826,200113,289.589,200113,12.461,200113,10.541
200201,159.356,200201,20.588,200201,0.783,200201,1.356
200202,139.482,200202,18.58,200202,0.484,200202,1.412
200203,146.594,200203,21.932,200203,0.778,200203,1.496
200204,138.353,200204,21.825,200204,0.741,200204,1.426
200205,147.956,200205,22.122,200205,0.859,200205,1.61
200206,161.561,200206,29.722,200206,0.723,200206,1.734
200207,179.351,200207,39.565,200207,1.112,200207,1.536
200208,177.391,200208,38.694,200208,1.034,200208,1.727
200209,162.681,200209,30.667,200209,0.698,200209,1.572
200210,156.051,200210,23.843,200210,0.818,200210,1.323
200211,153.318,200211,18.961,200211,0.572,200211,1.268
200212,167.785,200212,19.432,200212,0.711,200212,1.427
200213,1889.879,200213,305.968,200213,9.312,200213,17.888
200301,175.518,200301,20.748,200301,1.911,200301,1.179
200302,152.63,200302,18.157,200302,1.632,200302,1.087
200303,150.919,200303,19.593,200303,1.218,200303,0.909
200304,138.322,200304,19.097,200304,0.655,200304,1.352
200305,147.491,200305,21.338,200305,1.053,200305,1.28
200306,160.056,200306,23.597,200306,1.204,200306,1.535
200307,178.656,200307,34.14,200307,1.005,200307,1.768
200308,181.673,200308,37.02,200308,0.867,200308,1.755
200309,161.942,200309,25.382,200309,0.511,200309,1.704
200310,155.337,200310,22.15,200310,0.52,200310,1.741
200311,156.001,200311,18.858,200311,0.473,200311,1.754
200312,172.427,200312,18.205,200312,0.712,200312,1.773
200313,1930.971,200313,278.348,200313,11.762,200313,17.836
200401,175.35,200401,19.642,200401,1.77,200401,1.999
200402,157.548,200402,20.297,200402,0.601,200402,1.718
200403,149.42,200403,20.383,200403,0.538,200403,1.733
200404,138.155,200404,21.145,200404,0.464,200404,1.723
200405,153.824,200405,26.324,200405,0.698,200405,1.82
200406,164.022,200406,27.659,200406,0.656,200406,1.714
200407,178.541,200407,34.073,200407,0.596,200407,1.806
200408,175.913,200408,33.264,200408,0.562,200408,1.987
200409,163.182,200409,28.737,200409,0.658,200409,1.691
200410,155.596,200410,23.87,200410,0.442,200410,1.846
200411,156.598,200411,20.425,200411,0.389,200411,1.649
200412,174.92,200412,21.02,200412,0.758,200412,1.844
200413,1943.069,200413,296.849,200413,8.132,200413,21.527
200501,175.514,200501,20.948,200501,1.242,200501,2.006
200502,153.555,200502,17.984,200502,0.369,200502,1.855
200503,159.857,200503,21.007,200503,0.431,200503,1.947
200504,140.548,200504,21.223,200504,0.438,200504,1.779
200505,151.645,200505,23.001,200505,0.47,200505,2.009
200506,171.133,200506,32.282,200506,0.602,200506,2.13
200507,184.087,200507,42.233,200507,0.92,200507,2.092
200508,186.022,200508,43.005,200508,1.04,200508,2.21
200509,169.222,200509,31.368,200509,0.796,200509,1.92
200510,160.682,200510,23.6,200510,0.599,200510,1.921
200511,155.899,200511,20.288,200511,0.436,200511,1.735
200512,175.664,200512,22.096,200512,1.032,200512,2
200513,1983.829,200513,319.112,200513,8.373,200513,23.602
200601,166.165,200601,17.316,200601,0.444,200601,2
200602,154.226,200602,18.825,200602,0.396,200602,1.774
200603,156.997,200603,22.129,200603,0.315,200603,1.681
200604,138.082,200604,23.163,200604,0.418,200604,1.709
200605,153.221,200605,27.433,200605,0.42,200605,1.591
200606,166.169,200606,34.204,200606,0.48,200606,1.78
200607,184.807,200607,46.941,200607,0.608,200607,1.966
200608,186.844,200608,45.669,200608,0.691,200608,1.852
200609,160.475,200609,29.784,200609,0.341,200609,1.67
200610,159.328,200610,28.661,200610,0.404,200610,1.693
200611,156.604,200611,21.556,200611,0.403,200611,1.485
200612,170.779,200612,22.528,200612,0.45,200612,1.534
200613,1953.699,200613,338.244,200613,5.368,200613,20.734
200701,174.337,200701,24.354,200701,0.596,200701,1.633
200702,159.772,200702,23.131,200702,1.057,200702,1.291
200703,155.545,200703,22.6,200703,0.523,200703,1.307
200704,144.038,200704,24.617,200704,0.407,200704,1.276
200705,154.284,200705,27.554,200705,0.423,200705,1.385
200706,170.559,200706,34.118,200706,0.512,200706,1.598
200707,183.582,200707,41.3,200707,0.498,200707,1.42
200708,188.407,200708,52.659,200708,0.713,200708,1.475
200709,167.18,200709,37.094,200709,0.404,200709,1.374
200710,159.36,200710,32.8,200710,0.468,200710,1.229
200711,156.666,200711,24.335,200711,0.393,200711,1.162
200712,173.557,200712,27.056,200712,0.493,200712,1.45
200713,1987.288,200713,371.674,200713,6.486,200713,16.6
200801,177.865,200801,28.901,200801,0.675,200801,1.418
200802,163.114,200802,23.864,200802,0.5,200802,1.311
200803,156.693,200803,25.045,200803,0.391,200803,1.093
200804,144.524,200804,25.512,200804,0.391,200804,1.193
200805,152.626,200805,25.814,200805,0.392,200805,1.125
200806,168.239,200806,36.133,200806,0.566,200806,1.378
200807,184.592,200807,42.466,200807,0.417,200807,1.238
200808,179.993,200808,41.429,200808,0.369,200808,1.299
200809,160.76,200809,32.722,200809,0.366,200809,1.228
200810,150.605,200810,29.609,200810,0.323,200810,1.296
200811,152.302,200811,24.86,200811,0.353,200811,1.182
200812,168.073,200812,25.897,200812,0.561,200812,1.188
200813,1959.387,200813,362.32,200813,5.305,200813,14.949
200901,169.01,200901,26.449,200901,0.788,200901,1.196
200902,138.457,200902,24.603,200902,0.468,200902,1.091
200903,134.157,200903,27.097,200903,0.519,200903,1.356
200904,125.161,200904,24.465,200904,0.328,200904,1.208
200905,131.317,200905,27.918,200905,0.417,200905,1.219
200906,147.22,200906,34.82,200906,0.396,200906,1.22
200907,157.083,200907,42.156,200907,0.367,200907,1.266
200908,161.543,200908,45.538,200908,0.393,200908,1.225
200909,137.175,200909,37.387,200909,0.3,200909,1.216
200910,138.952,200910,29.099,200910,0.344,200910,0.748
200911,136.236,200911,24.776,200911,0.337,200911,0.737
200912,164.564,200912,28.204,200912,0.433,200912,0.982
200913,1740.874,200913,372.585,200913,5.089,200913,13.463
201001,169.541,201001,29.537,201001,1.039,201001,1.207
201002,149.732,201002,25.952,201002,0.36,201002,1.136
201003,142.659,201003,24.705,201003,0.321,201003,1.246
201004,125.288,201004,25.479,201004,0.296,201004,1.078
201005,141.697,201005,30.234,201005,0.432,201005,1.167
201006,163.128,201006,38.131,201006,0.517,201006,1.375
201007,177.165,201007,48.489,201007,0.553,201007,1.47
201008,176.655,201008,50.968,201008,0.451,201008,1.15
201009,148.406,201009,37.642,201009,0.373,201009,1.087
201010,132.129,201010,30.811,201010,0.326,201010,1.009
201011,135.919,201011,26.843,201011,0.376,201011,0.88
201012,165.3,201012,30.528,201012,0.784,201012,1.143
201013,1827.618,201013,399.392,201013,5.829,201013,13.949
201101,166.309,201101,29.188,201101,0.559,201101,1.546
201102,135.738,201102,26.152,201102,0.385,201102,1.219
201103,133.862,201103,26.043,201103,0.374,201103,1.477
201104,123.65,201104,28.164,201104,0.419,201104,0.939
201105,135.488,201105,30.881,201105,0.405,201105,1.004
201106,155.016,201106,37.765,201106,0.403,201106,1.223
201107,173.728,201107,50.694,201107,0.473,201107,1.464
201108,169.987,201108,49.767,201108,0.345,201108,1.316
201109,141.456,201109,36.941,201109,0.302,201109,1.281
201110,128.32,201110,31.04,201110,0.309,201110,0.933
201111,123.628,201111,29.308,201111,0.316,201111,0.703
201112,135.527,201112,33.18,201112,0.368,201112,1.021
201113,1722.711,201113,409.184,201113,4.656,201113,14.125
201201,129.542,201201,35.11,201201,0.352,201201,1.169
201202,115.247,201202,34.877,201202,0.282,201202,0.927
201203,105.084,201203,36.456,201203,0.258,201203,0.521
201204,94.674,201204,38.626,201204,0.29,201204,0.484
201205,114.96,201205,43.922,201205,0.369,201205,0.617
201206,131.167,201206,47.572,201206,0.362,201206,0.666
201207,158.331,201207,58.49,201207,0.393,201207,0.74
201208,151.36,201208,54.282,201208,0.308,201208,0.779
201209,127.184,201209,43.384,201209,0.269,201209,0.731
201210,121.741,201210,36.176,201210,0.289,201210,0.667
201211,127.974,201211,31.355,201211,0.309,201211,0.695
201212,133.974,201212,32.434,201212,0.354,201212,0.689
201213,1511.237,201213,492.726,201213,3.835,201213,8.685
201301,137.055,201301,34.294,201301,0.459,201301,0.961
201302,122.562,201302,30.857,201302,0.305,201302,0.844
201303,128.606,201303,32.778,201303,0.291,201303,0.912
201304,110.959,201304,30.64,201304,0.3,201304,0.841
201305,118.029,201305,33.337,201305,0.353,201305,1.194
201306,137.026,201306,39.974,201306,0.295,201306,1.214
201307,151.952,201307,49.416,201307,0.446,201307,1.219
201308,149.701,201308,48.842,201308,0.28,201308,1.266
201309,132.785,201309,40.751,201309,0.272,201309,1.146
201310,121.075,201310,34.547,201310,0.275,201310,1.058
201311,120.445,201311,32.614,201311,0.325,201311,0.833
201312,141.155,201312,36.308,201312,0.452,201312,1.023
201313,1571.349,201313,444.416,201313,4.054,201313,12.511
201401,153.85,201401,36.133,201401,2.085,201401,1.204
201402,140.102,201402,30.036,201402,0.565,201402,0.989
201403,132.664,201403,30.554,201403,0.611,201403,1.16
201404,106.751,201404,29.885,201404,0.276,201404,0.805
201405,117.672,201405,35.211,201405,0.347,201405,1.083
201406,136.577,201406,39.228,201406,0.287,201406,1.125
201407,149.776,201407,45.901,201407,0.277,201407,1.042
201408,148.995,201408,48.871,201408,0.297,201408,1.045
201409,126.983,201409,41.961,201409,0.296,201409,1.027
201410,112.3,201410,38.286,201410,0.275,201410,0.615
201411,118.837,201411,32.703,201411,0.346,201411,0.79
201412,124.629,201412,34.8,201412,0.348,201412,1.181
201413,1569.137,201413,443.643,201413,6.011,201413,12.066
201501,130.232,201501,39.155,201501,0.556,201501,1.108
201502,122.417,201502,35.668,201502,1.595,201502,1.161
201503,106.412,201503,38.872,201503,0.354,201503,0.772
201504,88.646,201504,36.61,201504,0.263,201504,0.822
201505,104.498,201505,40.44,201505,0.353,201505,0.964
201506,126.28,201506,48.92,201506,0.334,201506,0.872
201507,140.283,201507,57.712,201507,0.323,201507,1.174
201508,135.156,201508,56.662,201508,0.302,201508,1.106
201509,118.653,201509,49.384,201509,0.276,201509,1.062
201510,98.469,201510,43.68,201510,0.266,201510,0.868
201511,90.263,201511,40.394,201511,0.338,201511,0.727
201512,91.658,201512,42.27,201512,0.337,201512,0.78
201513,1352.967,201513,529.83,201513,5.297,201513,11.416
201601,113.495,201601,42.566,201601,0.502,201601,0.96
201602,92.416,201602,37.918,201602,0.353,201602,0.937
201603,72.84,201603,40.525,201603,0.279,201603,1.041
201604,71.41,201604,39.763,201604,0.259,201604,1.096
201605,82.51,201605,44.21,201605,0.34,201605,1.035
201606,115.772,201606,53.567,201606,0.293,201606,1.075
201607,135.958,201607,62.881,201607,0.342,201607,1.137
